,Question,Actual,Prediction,TP,TN,FP,FN
1544,make donald trump greatest president history,Sincere,Insincere,0,0,1,0
125,different form electricity used,Sincere,Sincere,0,1,0,0
376,area bounded curve x line x axis point intersection point rotated x axis formula volume,Sincere,Sincere,0,1,0,0
1141,kotlin language similar java,Sincere,Sincere,0,1,0,0
2734,u president hillary clinton laughed puerto rico said came saw died,Insincere,Insincere,1,0,0,0
792,thinking different others,Sincere,Sincere,0,1,0,0
1909,remainder divided,Sincere,Insincere,0,0,1,0
502,feel like replaced,Sincere,Insincere,0,0,1,0
1062,get touch girl seen year,Sincere,Insincere,0,0,1,0
2450,fuck kid spend time jail,Insincere,Insincere,1,0,0,0
2965,liberal cry baby,Insincere,Insincere,1,0,0,0
2541,beautiful middle east iranian levantine arab,Insincere,Insincere,1,0,0,0
495,case human specie selection pressure weaker today,Sincere,Insincere,0,0,1,0
730,possible make movie song offend people coerce political change,Sincere,Sincere,0,1,0,0
1833,determinant matrix basically listing permutation coefficient conserving order term system,Sincere,Sincere,0,1,0,0
3179,rapist europe muslim,Insincere,Insincere,1,0,0,0
1867,bit compare nit trichy b tech mech,Sincere,Sincere,0,1,0,0
308,could thing gift guy husband meeting arranged parent first meeting talking since month,Sincere,Sincere,0,1,0,0
535,initiation ritual latin king gang,Sincere,Insincere,0,0,1,0
1349,people really bad teeth bad taking care teeth,Sincere,Insincere,0,0,1,0
1925,kagome kiyoko reincarnation different people,Sincere,Sincere,0,1,0,0
2962,india still considered secular prime minister fanatic hindu report hindu extremist party r,Insincere,Insincere,1,0,0,0
2453,true amit shah ordered kill anyone writes negative case judge loya,Insincere,Insincere,1,0,0,0
3836,jew average spatial iq,Insincere,Insincere,1,0,0,0
2175,liberal realize region stricter gun control often higher level gun violence google,Insincere,Insincere,1,0,0,0
2302,evangelical christian like pedophile pedophile member republican party,Insincere,Insincere,1,0,0,0
3207,beat homeless people fun psychopath,Insincere,Insincere,1,0,0,0
244,see stored icloud,Sincere,Insincere,0,0,1,0
1912,india save pakistan china,Sincere,Insincere,0,0,1,0
2969,italian italy hate black american italian refer derogatory term italian see black american le american get angry hear black american speaking english,Insincere,Insincere,1,0,0,0
3991,many indian girl lose virginity marriage,Insincere,Insincere,1,0,0,0
2386,chinese hate american built entire country city,Insincere,Insincere,1,0,0,0
1970,best place value money kolkata buying ceramic pot,Sincere,Sincere,0,1,0,0
529,following polymer contain glucose unit,Sincere,Sincere,0,1,0,0
2905,ctmu critic imbecile crackpot know nothing,Insincere,Insincere,1,0,0,0
1359,much custom come import pair shoe detroit costed total,Sincere,Sincere,0,1,0,0
3700,french people resentful towards brit vice versa,Insincere,Insincere,1,0,0,0
2821,america punish southern conservative opposition proper education scientific advancement,Insincere,Insincere,1,0,0,0
750,kind clothes like guy,Sincere,Insincere,0,0,1,0
625,stop arrow key scrolling,Sincere,Sincere,0,1,0,0
2997,love turn people idiot please give love like love love perfect b know sugar coating love try hide,Insincere,Insincere,1,0,0,0
3886,asian people travel world like foreigner,Insincere,Insincere,1,0,0,0
3287,western technology democracy work shaitan,Insincere,Insincere,1,0,0,0
1807,child ever told something scared,Sincere,Insincere,0,0,1,0
3030,grab aunty boob p,Insincere,Insincere,1,0,0,0
1603,ever wrongfully accused rape sexual harassment,Sincere,Insincere,0,0,1,0
3798,many black america,Insincere,Insincere,1,0,0,0
1286,outside right finding peace star,Sincere,Insincere,0,0,1,0
1618,big deal tech giant run problem live demo,Sincere,Sincere,0,1,0,0
1934,perlite exist eutectoid composition c even hypoeutectoid range,Sincere,Sincere,0,1,0,0
1401,mean baby fast heartbeat,Sincere,Sincere,0,1,0,0
1309,mark required get ramk arround electrical branch,Sincere,Sincere,0,1,0,0
1505,businessman select financial intermediary prior business transaction,Sincere,Sincere,0,1,0,0
268,manufacturing process airwalk snowboard,Sincere,Sincere,0,1,0,0
817,much money need live exchange student bergen norway,Sincere,Sincere,0,1,0,0
2608,indian see today fake hindu ex muslim ancestry hence explaining modern indian phenomenal,Insincere,Insincere,1,0,0,0
2591,new zealand combat unit think work russian america took,Insincere,Insincere,1,0,0,0
2232,boy use girl sex,Insincere,Insincere,1,0,0,0
1887,meet cold,Sincere,Sincere,0,1,0,0
3835,people constantly trying break street date video game seem incredibly selfish childish,Insincere,Insincere,1,0,0,0
2231,chamarendar gay,Insincere,Insincere,1,0,0,0
2381,briton met russia speak ugly abracadabra call advanced language,Insincere,Insincere,1,0,0,0
2723,make sex year old say virginia,Insincere,Insincere,1,0,0,0
3837,american trade canada australia northern neighbor possible,Insincere,Insincere,1,0,0,0
1503,find qatari kuwaiti sponsor startup iran,Sincere,Insincere,0,0,1,0
2376,trump get fired excessive day golf excessive expense first year president thier entire term get fired bos american citizen,Insincere,Insincere,1,0,0,0
1121,true american men hate woman,Sincere,Insincere,0,0,1,0
3443,white people obsessed big lip black people white proud thin lip,Insincere,Insincere,1,0,0,0
3256,think sword art online movie,Insincere,Sincere,0,0,0,1
3074,u born muslim generally successful academically career uk born british muslim uk muslim backward today,Insincere,Insincere,1,0,0,0
3705,feel bad black woman,Insincere,Insincere,1,0,0,0
1894,international road pas north east india,Sincere,Sincere,0,1,0,0
1451,form government k currently many year system,Sincere,Sincere,0,1,0,0
136,college branch get score jee advanced,Sincere,Sincere,0,1,0,0
1796,salary package oracle india pvt limited hyderabad,Sincere,Sincere,0,1,0,0
2301,vagina look like,Insincere,Insincere,1,0,0,0
2693,money making business idea start year,Insincere,Sincere,0,0,0,1
592,odds nato state member ever leave alliance,Sincere,Insincere,0,0,1,0
841,time flight depth sensor light house light house use,Sincere,Sincere,0,1,0,0
1853,carrier strike group obsolete,Sincere,Sincere,0,1,0,0
3677,chinese nationalism disgust,Insincere,Insincere,1,0,0,0
3192,bill clinton conscience,Insincere,Insincere,1,0,0,0
413,conduct user research accessibility differently,Sincere,Sincere,0,1,0,0
2519,risk rubbing penis beehive minute every sunday,Insincere,Insincere,1,0,0,0
3059,brahmin stone age idea hampering growth india socially,Insincere,Insincere,1,0,0,0
70,time need reach nift campus orientation programme,Sincere,Sincere,0,1,0,0
426,jio launch postpaid plan jammu,Sincere,Sincere,0,1,0,0
632,flying airline often revert navy training treat passenger carrier landing,Sincere,Sincere,0,1,0,0
2700,sane person investigating weapon law look nebulous statistic like mass shooting rather homicide rate something similar,Insincere,Sincere,0,0,0,1
1937,motivated fit,Sincere,Sincere,0,1,0,0
798,joker v deadpool assault arkham animated movie great storyline supervillains,Sincere,Sincere,0,1,0,0
12,difference casio ae w casio ae w b watch,Sincere,Sincere,0,1,0,0
3117,somebody voting donald trump like hilary clinton say prefer bigot,Insincere,Insincere,1,0,0,0
562,material read improve reading habit cat va rc select passage attempt mock,Sincere,Sincere,0,1,0,0
1823,difference study exam study knowledge chartered accountancy,Sincere,Sincere,0,1,0,0
1432,penguin protect seal,Sincere,Insincere,0,0,1,0
3890,heterosexual men enjoy wearing panty tights,Insincere,Insincere,1,0,0,0
3101,education feminist issue west subject woman dominating men,Insincere,Insincere,1,0,0,0
927,twin flame feel exact way,Sincere,Sincere,0,1,0,0
1517,need form secret organization take anti national india,Sincere,Insincere,0,0,1,0
2464,trump voter want russia control united state,Insincere,Insincere,1,0,0,0
3245,obama executed treason,Insincere,Insincere,1,0,0,0
320,unauthorized transaction probable identity theft,Sincere,Insincere,0,0,1,0
2254,country need hitler,Insincere,Insincere,1,0,0,0
3693,girl like soft hard penis,Insincere,Insincere,1,0,0,0
2218,feminist talk men issue legitimately concerned virtue signaling,Insincere,Insincere,1,0,0,0
3182,worse donald trump voter republican enabled,Insincere,Insincere,1,0,0,0
1944,tip write summary upgrade army discharge brief legal guide,Sincere,Sincere,0,1,0,0
1730,improve fitness eating egg,Sincere,Sincere,0,1,0,0
3339,u accept poor uneducated illegal immigrant like dreamer,Insincere,Insincere,1,0,0,0
2517,sex younger female cousin,Insincere,Insincere,1,0,0,0
1591,difference form form part,Sincere,Sincere,0,1,0,0
455,important birthright title land money power,Sincere,Sincere,0,1,0,0
1880,benefit rising star program,Sincere,Sincere,0,1,0,0
1181,laptop paytm cheap,Sincere,Sincere,0,1,0,0
1568,many programmer workforce actually get certification,Sincere,Sincere,0,1,0,0
766,right time start studying gmat,Sincere,Sincere,0,1,0,0
40,character changed end book chasing redbird,Sincere,Sincere,0,1,0,0
2610,u military induce war resource rich nation,Insincere,Insincere,1,0,0,0
2807,canada bad woman compared pakistan saudi arabia,Insincere,Insincere,1,0,0,0
842,best way bring awareness distress,Sincere,Sincere,0,1,0,0
1384,learning curve marketo compare learning curve hubspot,Sincere,Sincere,0,1,0,0
1009,chemical structure calcium nitrate,Sincere,Sincere,0,1,0,0
3595,bannon testify trump since lost standing britebart radio gig,Insincere,Insincere,1,0,0,0
2616,serbia want annex northern greece,Insincere,Insincere,1,0,0,0
873,yelp spring break,Sincere,Sincere,0,1,0,0
3539,school justify failing teach child cursive holocaust,Insincere,Insincere,1,0,0,0
861,skill learner need,Sincere,Sincere,0,1,0,0
1098,application graduate student must,Sincere,Sincere,0,1,0,0
2511,fake mythology created brahmin,Insincere,Insincere,1,0,0,0
3326,normal sex cousin,Insincere,Insincere,1,0,0,0
3974,feminist rude defensive many feminist post curt rude response statement argument questioned opposing argument ignored attacked,Insincere,Insincere,1,0,0,0
1504,randomly jump,Sincere,Insincere,0,0,1,0
2861,symbol flag color people lgbt people,Insincere,Insincere,1,0,0,0
280,noun headache plural form,Sincere,Sincere,0,1,0,0
2751,sc sts leave india,Insincere,Insincere,1,0,0,0
563,top leading led bulb manufacturing company india,Sincere,Sincere,0,1,0,0
727,new iiits get campus earliest,Sincere,Sincere,0,1,0,0
1753,temperature store embros egg sperm,Sincere,Sincere,0,1,0,0
1190,purpose computer program,Sincere,Sincere,0,1,0,0
2382,come european south american culture considered passionate others,Insincere,Insincere,1,0,0,0
204,difficult create successful business russia,Sincere,Sincere,0,1,0,0
2488,respect military member extend soldier right color white many white u conservative man anomaly,Insincere,Insincere,1,0,0,0
882,convert decimal binary using modulus function,Sincere,Sincere,0,1,0,0
2964,cr cr,Insincere,Insincere,1,0,0,0
3926,theory white people becoming minority going extinct pure bullcrap,Insincere,Insincere,1,0,0,0
2521,muslim community india closed society obstinately refusing reform modern time major religion done still holding jihad kafir forced removal clitoris multiple marriage,Insincere,Insincere,1,0,0,0
62,traveling maldives india via colombo sri lanka hour colombo visit colombo need visa,Sincere,Sincere,0,1,0,0
3720,liberal support sexist segregated bathroom,Insincere,Insincere,1,0,0,0
3789,singaporean feel threatened living close many muslim majority nation,Insincere,Insincere,1,0,0,0
307,favorite novel non fiction book,Sincere,Sincere,0,1,0,0
3362,astrological combination needed obtain scholarship study,Insincere,Sincere,0,0,0,1
1342,former pornstar quora,Sincere,Insincere,0,0,1,0
2287,indian greedy people money,Insincere,Insincere,1,0,0,0
2438,many american unquestioningly believe see mainstream medium news owned controlled major company course central intelligence agency,Insincere,Insincere,1,0,0,0
1130,best entertaining foreign movie watch,Sincere,Sincere,0,1,0,0
1448,invest get maximum revenue crore rupee,Sincere,Sincere,0,1,0,0
989,ex nda always behave nice lady also part training syllabus,Sincere,Sincere,0,1,0,0
91,proposed lateral entry indian foreign service undermine prestige position directly recruited officer,Sincere,Sincere,0,1,0,0
3258,fast food restaurant like mcdonald wendy krystal checker hire mostly black dairy queen mostly indian chick fil mostly white type discrimination,Insincere,Insincere,1,0,0,0
1320,get erection looking woman asexual,Sincere,Insincere,0,0,1,0
2815,longest bullet,Insincere,Sincere,0,0,0,1
771,first year syrian civil war developed analysis chronology wikipedia,Sincere,Sincere,0,1,0,0
29,social medium site use indie author,Sincere,Sincere,0,1,0,0
1845,take become activision ambassador,Sincere,Sincere,0,1,0,0
3567,chinese woman mondial bus,Insincere,Insincere,1,0,0,0
3613,democrat still pushing collusion russian story result clinton arrest,Insincere,Insincere,1,0,0,0
3432,ever killed wife cheated,Insincere,Insincere,1,0,0,0
1217,moody daymond john,Sincere,Insincere,0,0,1,0
2204,people mostly girl like getting tippy toe,Insincere,Insincere,1,0,0,0
3970,narendra modi fooling india gst demonitization protest modi destroying india revealed sir vinod dua thewire episode,Insincere,Insincere,1,0,0,0
3807,nasa confirms nibiru exists article say true nibiru also end earth true happen,Insincere,Insincere,1,0,0,0
177,maruti going relaunch design,Sincere,Sincere,0,1,0,0
1079,eould nice pen buy phd advisor grduation worth usd,Sincere,Sincere,0,1,0,0
2911,germany,Insincere,Insincere,1,0,0,0
2400,tamil ever accept equal ethnicity even though evidence state tamil oldest civilization recorded invention world denial,Insincere,Insincere,1,0,0,0
1472,encourage dad keep exercising got stroked spends lot time resting bed want walk try walk say foot weakening convince keep walking,Sincere,Insincere,0,0,1,0
661,apply health insurance today next day find disease need treatment insurance cover cost,Sincere,Sincere,0,1,0,0
2016,chinese indonesian generally look west papuan,Insincere,Insincere,1,0,0,0
405,graduation course graduation certificate course canada,Sincere,Sincere,0,1,0,0
2040,muslim feel humiliated learn prophet mohammad married woman young year old aisha converted others worship place islamic holy place called kaaba killed people name allah,Insincere,Insincere,1,0,0,0
2229,cold hearted mcann sold maddie pedophile,Insincere,Insincere,1,0,0,0
3623,indian protect motherland,Insincere,Insincere,1,0,0,0
1846,line song end say father want kill mother want f k actually morrison want say line,Sincere,Insincere,0,0,1,0
2007,tamil discriminated sri lanka go live tamil nadu,Insincere,Insincere,1,0,0,0
1061,biggest trend going social medium advertising,Sincere,Sincere,0,1,0,0
2118,neither barreto cordova apologized outrageous hate based social medium rant apologized rant may offended admission maintain belief republican congress tolerate,Insincere,Insincere,1,0,0,0
442,realize husband love althogh trying time make happiest man,Sincere,Insincere,0,0,1,0
2515,long somebody attempt assassinate donut trump,Insincere,Insincere,1,0,0,0
651,alternate history book movie finland,Sincere,Sincere,0,1,0,0
1982,go pharmacovigilence b pharmacy,Sincere,Sincere,0,1,0,0
2840,everyone greece replaced million hard working productive law abiding german scandinavian american citizen long take exit crisis,Insincere,Insincere,1,0,0,0
2461,currently perverted depraved head state,Insincere,Insincere,1,0,0,0
749,get match tinder,Sincere,Insincere,0,0,1,0
2404,interesting many american men tired american woman thus pursuing foreign woman,Insincere,Insincere,1,0,0,0
3191,dog fuck woman,Insincere,Insincere,1,0,0,0
3601,people support lgbqt racial equality show prejudice muslim,Insincere,Insincere,1,0,0,0
984,futurama crew mean christmas elf,Sincere,Sincere,0,1,0,0
288,meaning bibliognost,Sincere,Sincere,0,1,0,0
3249,name woman athlete participating olympics,Insincere,Insincere,1,0,0,0
122,anti missile system thaads,Sincere,Sincere,0,1,0,0
74,argentina fight new world order falklands war,Sincere,Insincere,0,0,1,0
953,best nlp trainer pune,Sincere,Sincere,0,1,0,0
1067,type material want read product design engineering blog,Sincere,Sincere,0,1,0,0
1052,determine greater value,Sincere,Sincere,0,1,0,0
437,use studying mba studying information technology,Sincere,Sincere,0,1,0,0
2164,whola ugly state,Insincere,Insincere,1,0,0,0
2422,evolution real gay lesbian ask penis vagina,Insincere,Insincere,1,0,0,0
1446,hardly feel emotion,Sincere,Insincere,0,0,1,0
403,advantage plastic pond,Sincere,Sincere,0,1,0,0
1124,manufactured romanian red wine good,Sincere,Sincere,0,1,0,0
3008,win race mumbai delhi,Insincere,Sincere,0,0,0,1
380,difference mpcb overload relay,Sincere,Sincere,0,1,0,0
707,speed sound electricity,Sincere,Sincere,0,1,0,0
1055,tattoo soubin arm hidden movie sudani nigeria,Sincere,Sincere,0,1,0,0
1656,australia abolish monarchy,Sincere,Insincere,0,0,1,0
3678,black men like getting married white woman pregnant,Insincere,Insincere,1,0,0,0
2627,ungrateful girl father complaining father give freedom brother saying machismo machismo woman get pregnant suffer rape likely suffer assault shit,Insincere,Insincere,1,0,0,0
2246,men india except punjab haryana rajasthan feminine passive,Insincere,Insincere,1,0,0,0
2675,terrorist group worst among isi al qaeda turkish army hizbollah palestinian army,Insincere,Insincere,1,0,0,0
3649,zuckerberg muslim,Insincere,Insincere,1,0,0,0
270,advice someone planning apply swe internship prior related experience,Sincere,Sincere,0,1,0,0
3796,tamil people burning csk flag tamil people hate csk much,Insincere,Insincere,1,0,0,0
2427,homosexual men relish sex female many marry female child desert go homosexual relationship,Insincere,Insincere,1,0,0,0
110,way getting rid moth,Sincere,Sincere,0,1,0,0
1404,know nichola tesla,Sincere,Sincere,0,1,0,0
2961,important american slave,Insincere,Insincere,1,0,0,0
1863,online free course leed,Sincere,Sincere,0,1,0,0
1714,source identify share bought sale fiis,Sincere,Sincere,0,1,0,0
3111,american deny defeat vietnam war,Insincere,Insincere,1,0,0,0
3302,gun stop mass shooting easily accessible bomb stop bombing attack,Insincere,Insincere,1,0,0,0
422,meanest thing spouse ever said,Sincere,Sincere,0,1,0,0
1562,happens eat lemon everyday,Sincere,Sincere,0,1,0,0
387,sweeten cacao dark chocolate,Sincere,Sincere,0,1,0,0
2139,long u supreme court wrongly assert sex marriage protected constitution,Insincere,Insincere,1,0,0,0
898,download receipt lic premium paid offline,Sincere,Sincere,0,1,0,0
2530,trump still funding planned parenthood need fire mueller rosenstein session,Insincere,Insincere,1,0,0,0
3510,year old girl married year old man okay,Insincere,Insincere,1,0,0,0
3158,become le enlightened enjoy simple thing life ignorant average joes,Insincere,Insincere,1,0,0,0
874,difference chalazion stye,Sincere,Sincere,0,1,0,0
3086,india proud ownself fcuked india count nation country u,Insincere,Insincere,1,0,0,0
1694,wrong code c pset initial c,Sincere,Insincere,0,0,1,0
518,universally frowning upon applicant admit want job need money fast interviewer think getting company besides skilled liar,Sincere,Insincere,0,0,1,0
3795,progressive get much people money handout federal government spend full time putting poorly constructed comment quora god bless section eight,Insincere,Insincere,1,0,0,0
2377,let get straight obama hillary give billion iran oked russia taking u nuclear material husband make deal million gift clinton foundation dnc medium accuse trump collusion,Insincere,Insincere,1,0,0,0
1954,naseem hijazi biased spaniard british brahmin glorified afghan mahmud ghaznavi arab muhammad bin qasim,Sincere,Insincere,0,0,1,0
967,draken international private adversary air contractor still provide aggressor aircraft usaf training,Sincere,Sincere,0,1,0,0
2044,mccain lose presidency pander deplorable like trump birthers birthers come church teach nowadays,Insincere,Insincere,1,0,0,0
2481,trump supporter ever admit played like fool given trump actually said could kill someone supporter still vote,Insincere,Insincere,1,0,0,0
3911,muslim good muslim,Insincere,Insincere,1,0,0,0
440,absinthe produced,Sincere,Sincere,0,1,0,0
3463,american hated people earth,Insincere,Insincere,1,0,0,0
67,scientologists still cry totally cleared,Sincere,Insincere,0,0,1,0
2902,white people generally desired dating world people color,Insincere,Insincere,1,0,0,0
2739,illegal bangladeshi immigrant ask government impose sharia law assam,Insincere,Insincere,1,0,0,0
925,multi variable maclaurin series expansion f x,Sincere,Sincere,0,1,0,0
963,good trick prepare net mathematics,Sincere,Sincere,0,1,0,0
3889,south asian parent treat kid property,Insincere,Insincere,1,0,0,0
825,prepare neet study month along b sc course study hour daily,Sincere,Sincere,0,1,0,0
2578,eat get bigger totally dissappear,Insincere,Insincere,1,0,0,0
558,sex better health,Sincere,Insincere,0,0,1,0
3617,quora almost exclusively question posed frightened child young teen minimal education getting lot lately feed bad luck draw really thing,Insincere,Insincere,1,0,0,0
858,view collapsed answer forbidden fruit always take peek taboo avoid cost,Sincere,Insincere,0,0,1,0
2621,men marry india,Insincere,Insincere,1,0,0,0
1664,spicejet interview hack,Sincere,Sincere,0,1,0,0
3584,put fascism nazism right totalitarian modeled soviet style socialism,Insincere,Insincere,1,0,0,0
84,family able take french bulldog puppy way flight k los angeles,Sincere,Sincere,0,1,0,0
1051,top jiu jitsu competitor,Sincere,Sincere,0,1,0,0
2333,democrat woman like pretend melania trump inspiring,Insincere,Insincere,1,0,0,0
230,military police occupational specialty training course marine,Sincere,Sincere,0,1,0,0
1294,ruling party interesting history,Sincere,Sincere,0,1,0,0
1040,prabhas get national award work baahubali,Sincere,Sincere,0,1,0,0
101,fuel economy tesla model,Sincere,Sincere,0,1,0,0
3392,become okay accuse soros jew nazi jew killer roseanne barr making slur receive attention made racist tweet valerie jarrett,Insincere,Insincere,1,0,0,0
1634,gai calculated wisc v,Sincere,Sincere,0,1,0,0
863,agree increased dependence algorithm rather good old fashioned human intelligence made world boring typecast divided place,Sincere,Sincere,0,1,0,0
3497,liberal get angry people mention charity,Insincere,Insincere,1,0,0,0
1778,people compromised working memory better breadth first search depth first search,Sincere,Sincere,0,1,0,0
2257,white pple leave racism alone,Insincere,Insincere,1,0,0,0
37,fiitjee south delhi class,Sincere,Sincere,0,1,0,0
2825,many antisemitic troll jewish quorans identified,Insincere,Insincere,1,0,0,0
1577,scope ca small town,Sincere,Sincere,0,1,0,0
3361,refugee appreciate host country europe accepting instead commit crime sexually assault native,Insincere,Insincere,1,0,0,0
2143,possible u whole mighty army fake u good bombing small country weapon fight back u,Insincere,Insincere,1,0,0,0
1745,cancer type virus,Sincere,Sincere,0,1,0,0
2057,black woman bald,Insincere,Insincere,1,0,0,0
3544,think black people area u dangerous,Insincere,Insincere,1,0,0,0
3365,feminist complain men earning woman men replaced ai next year,Insincere,Insincere,1,0,0,0
2753,popular people quora showoff nothing real life,Insincere,Insincere,1,0,0,0
3675,xi jinping look stupid,Insincere,Insincere,1,0,0,0
2691,american name child white mean girl name like jessica brittney ashley jennifer,Insincere,Insincere,1,0,0,0
1343,craziest true podcasts,Sincere,Insincere,0,0,1,0
2890,israeli president shimon peres advise ukraine forget holodomor,Insincere,Insincere,1,0,0,0
3972,vietnamese want army kill mountain tribe people become homogenous,Insincere,Insincere,1,0,0,0
1838,make youtube nigerian,Sincere,Insincere,0,0,1,0
892,international trade commerce look like absent necessity factoring usa,Sincere,Sincere,0,1,0,0
1587,get loan england,Sincere,Sincere,0,1,0,0
3214,equal protection law false blm exists mean could beat terrorist coming country stan,Insincere,Insincere,1,0,0,0
411,fruit like make love romantic intimate special experience someone truly love instead meaningless casual sex skag view object instead human,Sincere,Sincere,0,1,0,0
1616,earn around lpa rental much tax get deducted income good investment tip great,Sincere,Sincere,0,1,0,0
2110,paying steel maintain iron curtain particularly east germany west germany,Insincere,Insincere,1,0,0,0
1203,american civil war fought,Sincere,Sincere,0,1,0,0
2150,hindi language poor india,Insincere,Insincere,1,0,0,0
526,badminton shoe heavy,Sincere,Sincere,0,1,0,0
3276,greece guy cocky,Insincere,Insincere,1,0,0,0
3971,slut love suck cuck donut,Insincere,Insincere,1,0,0,0
299,exam qualify order get admission iucaa inter university centre astronomy astrophysics course offer,Sincere,Sincere,0,1,0,0
756,skipped entire design process mobile application prototype go back add missing step presentable portfolio,Sincere,Sincere,0,1,0,0
1075,gandalf mean say blood westernesse run nearly pure denethor faramir boromir possible,Sincere,Sincere,0,1,0,0
1099,done gas come large amount lpg gas,Sincere,Sincere,0,1,0,0
1622,centipede harmful human being,Sincere,Insincere,0,0,1,0
1119,something psychological field th comm student law dropout,Sincere,Sincere,0,1,0,0
793,best laptop entrepreneur,Sincere,Sincere,0,1,0,0
740,scored jee main without coaching decided take drop aim cse iit able achieve,Sincere,Sincere,0,1,0,0
3673,hillary clinton action le serious general david petraeus,Insincere,Insincere,1,0,0,0
2963,mormon church really withdrawing scout girl allowed public reason cost allowing girl actually learn like outside church seems like likely reason,Insincere,Insincere,1,0,0,0
1022,happen lack iodine,Sincere,Sincere,0,1,0,0
3899,american feel strongly carrying gun nd amendment important people,Insincere,Insincere,1,0,0,0
1975,way rome influence america military,Sincere,Sincere,0,1,0,0
705,korean food popular america,Sincere,Sincere,0,1,0,0
3390,atheist bad troll religious people quora,Insincere,Insincere,1,0,0,0
1168,among following critical skill good listener,Sincere,Sincere,0,1,0,0
3955,stephen hawking still paralyzed hell move feel pain everlasting torment flame wheelchair fire retardant similar mental status,Insincere,Insincere,1,0,0,0
1195,wrong president trump ask doj investigate weather fbi infiltrated trump campaign,Sincere,Insincere,0,0,1,0
1896,word person tolerate happiness others,Sincere,Sincere,0,1,0,0
541,get rid bruise cheekbone bruise eye,Sincere,Insincere,0,0,1,0
2421,girl iceland beautiful girl european country inquisition affect country past,Insincere,Sincere,0,0,0,1
547,iam student india need help finding university india admit student indian based sat subject test score,Sincere,Sincere,0,1,0,0
2648,fuck get quora account never signed also delete put password never created,Insincere,Sincere,0,0,0,1
456,tesla car going best selling car future,Sincere,Sincere,0,1,0,0
905,general certificate secondary education grade need get admission king college especially math english,Sincere,Sincere,0,1,0,0
3592,religious tolerance,Insincere,Insincere,1,0,0,0
2096,devil hell like come talk love little sinner,Insincere,Insincere,1,0,0,0
1977,turning point book th kingdom kristine kathryn rusch,Sincere,Sincere,0,1,0,0
2798,democrat hate america much least appear,Insincere,Insincere,1,0,0,0
3109,rather date hot chick physically handicapped ugly chick,Insincere,Insincere,1,0,0,0
1245,like working intelligence agency,Sincere,Sincere,0,1,0,0
3946,atheism social idiocy,Insincere,Insincere,1,0,0,0
1674,many french word english launguage,Sincere,Sincere,0,1,0,0
2974,middle eastern people actually fornicate goat,Insincere,Insincere,1,0,0,0
1441,going social event tell confident mix around always end sitting corner silently feeling stuck,Sincere,Insincere,0,0,1,0
2998,bengali get offended south indains regard north indian,Insincere,Insincere,1,0,0,0
3647,modi play magic data changing industrial growth rate,Insincere,Sincere,0,0,0,1
1948,progynon,Sincere,Insincere,0,0,1,0
2162,conservative lawmaker cohort finally realize trump dumpster fire president well lying vindictive shallow con artist seemingly sense decency mental fortitude,Insincere,Insincere,1,0,0,0
1940,much anorexic eat,Sincere,Insincere,0,0,1,0
2720,many father narendra modi,Insincere,Insincere,1,0,0,0
1752,something good,Sincere,Sincere,0,1,0,0
3548,gay christian agenda,Insincere,Insincere,1,0,0,0
1721,circumcised adult experience like,Sincere,Sincere,0,1,0,0
1623,list reason cause people evil thing,Sincere,Insincere,0,0,1,0
2886,former president obama ordered drone strike killed innocent civilian might called sin therefore reasonable call obama sin laden,Insincere,Insincere,1,0,0,0
596,agent deposition shape landscape,Sincere,Insincere,0,0,1,0
1620,archaeology respected much,Sincere,Insincere,0,0,1,0
2514,jaya bachchan angry arrogant rude megastar amitabh bachchan earth,Insincere,Insincere,1,0,0,0
3747,people realize conservative disadvantaged minority group quora quora going implement affirmative action,Insincere,Insincere,1,0,0,0
164,institute provides big data hadoop training delhi,Sincere,Sincere,0,1,0,0
2865,hillary clinton really write answer quora banned violating fake name policy,Insincere,Insincere,1,0,0,0
2379,dark side make people look like shrivelled ballsack,Insincere,Insincere,1,0,0,0
2177,put trump hater small island quickly turn,Insincere,Insincere,1,0,0,0
2014,acceptable normal white guy date latinas asian black girl,Insincere,Insincere,1,0,0,0
491,win game chess trump kim jung un,Sincere,Insincere,0,0,1,0
145,anyone elaborate mercury engine working principle,Sincere,Sincere,0,1,0,0
1024,home based work option,Sincere,Sincere,0,1,0,0
2079,minority act like non minority owe something time,Insincere,Insincere,1,0,0,0
3009,christian insatiable desire convert conservative jew important ungodly act,Insincere,Insincere,1,0,0,0
1554,move best friend ex,Sincere,Sincere,0,1,0,0
706,study edc ae ese,Sincere,Sincere,0,1,0,0
3643,strange want mental illness everyone else,Insincere,Insincere,1,0,0,0
73,thing proud,Sincere,Sincere,0,1,0,0
2265,queen invite violent criminal hang palace,Insincere,Insincere,1,0,0,0
3937,people especially bhakts troll kejriwal even though successful keeping electricity water bill low,Insincere,Insincere,1,0,0,0
2558,tl dr designation incredibly rude lazy pretentious onus put writer instead reader,Insincere,Insincere,1,0,0,0
733,scope india architecture,Sincere,Sincere,0,1,0,0
1733,top strangest death,Sincere,Sincere,0,1,0,0
1878,sherlock reply sheldon,Sincere,Insincere,0,0,1,0
824,feature preferred buying office furniture,Sincere,Sincere,0,1,0,0
487,important chapter english literature icse,Sincere,Sincere,0,1,0,0
2921,kashmiri fight islamic dominance freedom kashmir clear line drawn kashmiri need choose side,Insincere,Sincere,0,0,0,1
3934,hiv good,Insincere,Sincere,0,0,0,1
1744,missing period pregnant case consult doctor able get virgin,Sincere,Sincere,0,1,0,0
1232,nanobots possible near future medical use,Sincere,Sincere,0,1,0,0
675,name use username,Sincere,Sincere,0,1,0,0
3501,since still demonstratively powerful imperial german navy seek challenge royal navy stalemate jutland,Insincere,Insincere,1,0,0,0
1314,english term mean,Sincere,Sincere,0,1,0,0
1243,big eazy e,Sincere,Insincere,0,0,1,0
1438,good height year old,Sincere,Sincere,0,1,0,0
1629,love girl,Sincere,Insincere,0,0,1,0
1953,instead blocking serotonin reuptake serotonin pill used,Sincere,Sincere,0,1,0,0
1946,way experience endorphin rush high without eating super hot capsaicin extract running marathon,Sincere,Sincere,0,1,0,0
1499,library like goa,Sincere,Sincere,0,1,0,0
1310,suitable time table upsc capf year,Sincere,Sincere,0,1,0,0
2857,smelly brown indian deserve live,Insincere,Insincere,1,0,0,0
2477,hindu extremist group rise india,Insincere,Insincere,1,0,0,0
313,experienced hair loss anti hiv medication,Sincere,Sincere,0,1,0,0
2996,russia jamming tomahawk missile cause many reach target,Insincere,Sincere,0,0,0,1
1089,good activity help build team work skill required astronaut,Sincere,Sincere,0,1,0,0
2249,problem pakistani people,Insincere,Insincere,1,0,0,0
281,many course hacking,Sincere,Sincere,0,1,0,0
1801,place small business owner get equity funding,Sincere,Sincere,0,1,0,0
3194,woman relationship one want marry initially well one want divorce later marriage tends unfair woman want men first place,Insincere,Insincere,1,0,0,0
2614,religious people like christian adult allowed roam street freely,Insincere,Insincere,1,0,0,0
1422,best fraternity university south carolina,Sincere,Sincere,0,1,0,0
82,control subconscious mind life,Sincere,Sincere,0,1,0,0
1178,india called developing country give reason,Sincere,Insincere,0,0,1,0
2380,american stop trump team testing see allow total control recent team talk shooting comey pardoning lost mental compass allowing road dictatorship continue,Insincere,Insincere,1,0,0,0
3140,indian girl dirty ego problem,Insincere,Insincere,1,0,0,0
3340,pattern u president failed gop president followed zero leadership dem president followed great president nixon carter reagan bush obama trump,Insincere,Insincere,1,0,0,0
1407,men never liked take picture look back onto memory,Sincere,Insincere,0,0,1,0
1095,fortified food help micronutrient deficiency kid,Sincere,Insincere,0,0,1,0
947,met young woman couple time interested ask thought want someone like poor future uncertain despite working right thing decide,Sincere,Insincere,0,0,1,0
2253,observed girl woman public place seem resist intentional soft touch body contact seem enjoy activity exhibiting tolerant behaviour,Insincere,Insincere,1,0,0,0
1014,break cycle chronic anxiety,Sincere,Sincere,0,1,0,0
336,see amazon hardware launch event occurred earlier today,Sincere,Sincere,0,1,0,0
1216,taiwan permit dual citizenship,Sincere,Insincere,0,0,1,0
3103,dad poop,Insincere,Insincere,1,0,0,0
555,dangerous hack world,Sincere,Sincere,0,1,0,0
2331,hindu violent christian muslim india,Insincere,Insincere,1,0,0,0
2217,white people posse destructive weapon earth,Insincere,Insincere,1,0,0,0
3468,hell wrong europe safe zone woman new year eve feminist big mouth leftist call punishing sexual harassment disgusting begin badly see link,Insincere,Insincere,1,0,0,0
1964,donald trump power,Sincere,Insincere,0,0,1,0
3296,race treated identically,Insincere,Insincere,1,0,0,0
3777,michelle obama transvestite,Insincere,Insincere,1,0,0,0
174,currently pursuing bba ib sppu much aggregate year get help get admission sibm pune iim,Sincere,Sincere,0,1,0,0
3358,woman expect guy need humorous lively interesting,Insincere,Insincere,1,0,0,0
3765,clever join republican party,Insincere,Insincere,1,0,0,0
724,gain confidence ask question worry,Sincere,Insincere,0,0,1,0
1329,calculate weight risky asset,Sincere,Sincere,0,1,0,0
3035,opportunist decide become diplomat diplomatic immunity get exemption prosecution,Insincere,Sincere,0,0,0,1
148,put aside climate condition external factor grow land relatively rare get good margin,Sincere,Sincere,0,1,0,0
923,hello better facebook going next big deal,Sincere,Sincere,0,1,0,0
2307,quora becoming anti islam islamophobic,Insincere,Insincere,1,0,0,0
35,people pristine place like iceland cancer free place pollution,Sincere,Insincere,0,0,1,0
466,box contains uniquely coloured ball colour variation ball colour garnered ball picked least number ball needed ensure least ball colour procured,Sincere,Sincere,0,1,0,0
2319,aap volunteer quora mass report rational user like balaji criticizing aap praising bjp,Insincere,Insincere,1,0,0,0
3375,german italain polish spanish mexican meet speak language indian shy feel proud mother tounge like others national showoff speaking english,Insincere,Insincere,1,0,0,0
1238,dental assistant course legit,Sincere,Sincere,0,1,0,0
2019,teen spoiling career,Insincere,Sincere,0,0,0,1
1546,inspired edward craven walker create lava lamp,Sincere,Sincere,0,1,0,0
550,lung affected smoking water vapor,Sincere,Sincere,0,1,0,0
2043,amitabh bachan die,Insincere,Insincere,1,0,0,0
1996,aerospace engineering course upes dehradun placement scope,Sincere,Sincere,0,1,0,0
2567,emancipated minor right vote u,Insincere,Insincere,1,0,0,0
3847,find annoying popular quorans answer question act sassy rather solve actual query asker,Insincere,Insincere,1,0,0,0
895,qualification required job ro,Sincere,Sincere,0,1,0,0
355,woukd best method selling photographic print photographer moment called eamonn doyle,Sincere,Sincere,0,1,0,0
17,trivia game activity premed student engage fun prepare medical school,Sincere,Sincere,0,1,0,0
494,prime scottie pippen kawhi leonard better basketball player,Sincere,Sincere,0,1,0,0
1643,manufacturing process magnavox dtv digital analog converter tb mw,Sincere,Sincere,0,1,0,0
1897,cheapest escort service pune rate service photo escort,Sincere,Sincere,0,1,0,0
1777,fatty tissue breast feel like,Sincere,Sincere,0,1,0,0
2103,people hate u muslim,Insincere,Insincere,1,0,0,0
586,say ex online friend stalk facebook threaten blackmail block,Sincere,Sincere,0,1,0,0
334,practice effectively anything,Sincere,Sincere,0,1,0,0
2351,pastor mormon always attack people follow jesus say attacking belief mormon,Insincere,Insincere,1,0,0,0
3038,claim true nelson mandela nothing strident terrorist,Insincere,Insincere,1,0,0,0
2710,find always woman try turn child someone like,Insincere,Insincere,1,0,0,0
3481,girl nice penis,Insincere,Insincere,1,0,0,0
184,alginate powder made,Sincere,Sincere,0,1,0,0
3536,shoe lift wearer former president france nicolas sarkozy jew,Insincere,Insincere,1,0,0,0
113,uttar pradesh undeveloped despite vast resource,Sincere,Insincere,0,0,1,0
2919,west germany payed greece nazi crime,Insincere,Insincere,1,0,0,0
2784,many conservative dislike blm love cop mind getting treatment cop african american,Insincere,Insincere,1,0,0,0
3478,make son start preparing iit st standard,Insincere,Sincere,0,0,0,1
2364,muslim woman cover hair sign modesty yet wear lot make asking contentious genuinely interested see disparity,Insincere,Insincere,1,0,0,0
3518,luhan coming extremely repulsive recent time,Insincere,Insincere,1,0,0,0
688,best remedy low hemoglobin,Sincere,Sincere,0,1,0,0
1032,north korean missile downrange,Sincere,Sincere,0,1,0,0
52,future diesel gasoline engine upcoming year,Sincere,Sincere,0,1,0,0
2590,right return palestinian refugee result arab aggression,Insincere,Insincere,1,0,0,0
3453,conservative get angry professional athlete refuse stand national anthem,Insincere,Sincere,0,0,0,1
1613,best dental bleaching kit,Sincere,Sincere,0,1,0,0
1368,whether result exam conducted cil management trainee announced,Sincere,Sincere,0,1,0,0
1413,greece recognize independent republic kosovo,Sincere,Insincere,0,0,1,0
3853,quora text editor suck bad spend much time correcting autocorrect answering question,Insincere,Insincere,1,0,0,0
3555,muslim say islam religion peace advocate murdering insult islam muhammad plan hostile world domination,Insincere,Insincere,1,0,0,0
1875,like live fashionista,Sincere,Insincere,0,0,1,0
2420,suicide justifiable physical disability like lazy eye,Insincere,Insincere,1,0,0,0
973,characteristic high performing athletic team,Sincere,Sincere,0,1,0,0
3636,bjp modi telling lie making false promise failing fulfill promise made lok sabha election cover failure blaming congress need incompetent ineffective government,Insincere,Insincere,1,0,0,0
2533,people quora ask lame question people answer passage line could enough,Insincere,Insincere,1,0,0,0
2170,percentage woman cheating husband among hindu muslim christian sikh religion,Insincere,Insincere,1,0,0,0
3956,japanese learned germany acknowledge repent sinful subhuman war atrocity compensate victim holocaust win respect china korea asia world responsible mature country,Insincere,Insincere,1,0,0,0
2826,every liberal met either idiot asshole towards nice intelligent liberal met,Insincere,Insincere,1,0,0,0
1908,gopal kalavireddi view ashapura minechem limited,Sincere,Insincere,0,0,1,0
1667,movie portrays court trial realistically,Sincere,Sincere,0,1,0,0
256,person inspired positive outlook life,Sincere,Sincere,0,1,0,0
2242,white majority nation white majority nation need diversity,Insincere,Insincere,1,0,0,0
3844,liberal detest conservative judge,Insincere,Insincere,1,0,0,0
3471,men actually needed modern society excluding reason reproduction,Insincere,Insincere,1,0,0,0
2176,mark zuckerberg look like soul,Insincere,Insincere,1,0,0,0
496,die cardiomyopathy,Sincere,Insincere,0,0,1,0
2072,still body math understand qm century please first study reply,Insincere,Sincere,0,0,0,1
2580,people care kidnap,Insincere,Insincere,1,0,0,0
295,startup friendly country latin america,Sincere,Sincere,0,1,0,0
2782,deal creepy animal perspective shameless egomania narcissism think could read mind,Insincere,Insincere,1,0,0,0
1866,best way earn money investment india,Sincere,Sincere,0,1,0,0
3520,gun fan willing support stop mass killing american united state,Insincere,Insincere,1,0,0,0
2554,still virgin since year,Insincere,Insincere,1,0,0,0
1901,opinion age swimming lesson started age realistic child able swim,Sincere,Sincere,0,1,0,0
3791,poop hand eat,Insincere,Insincere,1,0,0,0
3993,better parliament restored main branch house hanover throne instead letting dumbo son bald bill take,Insincere,Insincere,1,0,0,0
3118,beautiful woman like relationship bad men,Insincere,Insincere,1,0,0,0
3950,rising shia califate h usman r conspiracy jew,Insincere,Insincere,1,0,0,0
2584,dark colored people created life time white,Insincere,Insincere,1,0,0,0
3625,wonderful trump sense iran deal,Insincere,Insincere,1,0,0,0
1817,legal download game oceanofgames com,Sincere,Sincere,0,1,0,0
779,name composite used make firearm,Sincere,Sincere,0,1,0,0
3073,white european allowed egyptologist,Insincere,Insincere,1,0,0,0
131,invention discovery improved human life,Sincere,Sincere,0,1,0,0
429,sue employer lied performance,Sincere,Insincere,0,0,1,0
3041,handsome boy ugliest girl nit warangal,Insincere,Insincere,1,0,0,0
325,ancient civilization followed atheism,Sincere,Sincere,0,1,0,0
2678,white woman telling african native american men male privilege oppressing chattel slavery genocide,Insincere,Insincere,1,0,0,0
3219,started epidemic answering one stupid question adding right end ex hey know someone outside stealing car right,Insincere,Insincere,1,0,0,0
3159,biracial person successful white people tend want refer biracial commit crime tend want refer black e g biracial mark duggan shot called black,Insincere,Insincere,1,0,0,0
3325,true bear sexually assault woman,Insincere,Insincere,1,0,0,0
3738,catwalk model walk like prostitute modeling clothes,Insincere,Insincere,1,0,0,0
298,difference majority win plurality win taking vote fair method voting,Sincere,Insincere,0,0,1,0
2632,shall follow god christ mohammed moses let alone obama merkel putin,Insincere,Insincere,1,0,0,0
3165,people afraid becoming white minority usa forget white latino history italian irish non white past,Insincere,Insincere,1,0,0,0
3452,everyone worried woman safety never talk male safety delhi men dirt value,Insincere,Insincere,1,0,0,0
1728,improve petroleum engineering poor bachelor degree,Sincere,Sincere,0,1,0,0
1430,much cbd much,Sincere,Sincere,0,1,0,0
2793,canada china give trump everything want liberal accept tariff right,Insincere,Insincere,1,0,0,0
3319,kill instinctive u military brainwash recruit,Insincere,Insincere,1,0,0,0
1987,first grader write big,Sincere,Sincere,0,1,0,0
2813,come south korea speaks russian mostly,Insincere,Insincere,1,0,0,0
3925,considered relationship dusky black skinned girl good,Insincere,Insincere,1,0,0,0
3177,fashion police ban sock sandal uk widespread completely irrational phenomenon,Insincere,Insincere,1,0,0,0
1961,mushroom grow lightning strike tree bark,Sincere,Sincere,0,1,0,0
1572,say main advantage nvsi lvsi voltage stability index,Sincere,Sincere,0,1,0,0
486,cut contact someone toxic abusive still think fun could person,Sincere,Insincere,0,0,1,0
2447,attractive woman date unattractive woman attractive man feel cheated devastated know feeling get deserve,Insincere,Insincere,1,0,0,0
2906,take month payment really really rich donald trump reimburse michael cohen,Insincere,Insincere,1,0,0,0
759,chemical equation bonded first place,Sincere,Sincere,0,1,0,0
1619,percentage people using quora currently upvotes answer without understanding feeling impressed believing outsmarted,Sincere,Insincere,0,0,1,0
1174,find product reviewer,Sincere,Sincere,0,1,0,0
917,world war japan also nuke retaliate u nuked,Sincere,Insincere,0,0,1,0
643,art reason person might face,Sincere,Sincere,0,1,0,0
3423,people left u believe trump racist,Insincere,Insincere,1,0,0,0
2835,pedophilia considered wrong help sexual attraction get decide wrong sexual relation child,Insincere,Insincere,1,0,0,0
2581,muslim woman get clad full cover black burka stay home woman toil farm developing country,Insincere,Insincere,1,0,0,0
1409,life better,Sincere,Sincere,0,1,0,0
2391,could israeli people ignore killing starvation mile away,Insincere,Insincere,1,0,0,0
2862,white southerner hate african american much ancestor forced u first place,Insincere,Insincere,1,0,0,0
3034,safer troll liberal conservative,Insincere,Insincere,1,0,0,0
1273,indian building company product like google amazon ibm miss,Sincere,Sincere,0,1,0,0
3943,indian wife fantasising sex another man whose penish big hubby penish small,Insincere,Insincere,1,0,0,0
459,song involve love sex,Sincere,Sincere,0,1,0,0
2037,south east asian suntan go darker skinned african american reason east asian take offence white people jest call nigger,Insincere,Insincere,1,0,0,0
3579,trap gaye,Insincere,Insincere,1,0,0,0
341,cool mindtwisting movie line,Sincere,Sincere,0,1,0,0
1330,jumping spider poisonous,Sincere,Sincere,0,1,0,0
3569,muslim racist towards everyone,Insincere,Insincere,1,0,0,0
3174,american waste lot food display extravagance world,Insincere,Insincere,1,0,0,0
678,could solve crime like jack ripper travelling distant place speed light holding mirror,Sincere,Sincere,0,1,0,0
1357,traditional housewife child husband want provide maid,Sincere,Insincere,0,0,1,0
679,initial salary offered arthur little india business analyst,Sincere,Sincere,0,1,0,0
2894,lot christian avaliability heuristic double standard come science willingly accept fact like germ theory deny evolution,Insincere,Insincere,1,0,0,0
1287,black teach french,Sincere,Insincere,0,0,1,0
1078,learn origami paper folding art japan,Sincere,Sincere,0,1,0,0
1270,difficult study work time challenge keeping balance study work overcome challenge,Sincere,Sincere,0,1,0,0
3759,india populated community dilits representation respect,Insincere,Insincere,1,0,0,0
713,need know brain tumor type method surgery inoperable one everything else,Sincere,Sincere,0,1,0,0
539,minor help pe university placement,Sincere,Sincere,0,1,0,0
3783,pakistani muslim love china chinese muslim hate china,Insincere,Insincere,1,0,0,0
1631,student prepare jee main advance afford jee coaching,Sincere,Sincere,0,1,0,0
3977,question trans insincere since believe boh brain female body,Insincere,Insincere,1,0,0,0
3019,agree woman respect man position protector way man must respect woman position care beautiful house example think practical thing,Insincere,Insincere,1,0,0,0
723,unattractiveness indicative inferiority,Sincere,Insincere,0,0,1,0
3872,liberal hypocrite,Insincere,Insincere,1,0,0,0
2163,caused american death osama bin laden promoting terrorism u gun lobby effective advocacy gun control,Insincere,Insincere,1,0,0,0
2003,liberal press rewarded anti trump biased reporting,Insincere,Insincere,1,0,0,0
1704,chennai hospital barium meal valsalva manouvre,Sincere,Sincere,0,1,0,0
1872,lexington,Sincere,Insincere,0,0,1,0
2237,notice female quora user increasing coming right facebook,Insincere,Insincere,1,0,0,0
3711,black woman stereotyped freaky bed indian guy told first time heard like know easy whatever,Insincere,Insincere,1,0,0,0
3973,feminism distraction inequality woman,Insincere,Insincere,1,0,0,0
3054,obama apologize lie people expect trump apologize,Insincere,Insincere,1,0,0,0
3153,ukraine glorifying controversial ww era group oun upa wanted independent ukraine also killed ten thousand polish civilian also sometimes collaborated nazi holocaust,Insincere,Insincere,1,0,0,0
2852,islamic community make community morally spiritually worldly submissive islamic community causing debt obligation community moral glorious existence community islamic community,Insincere,Insincere,1,0,0,0
3986,le knowledge transfer african western asian,Insincere,Insincere,1,0,0,0
3075,asian country attractive woman china vietnam thailand philippine korea india,Insincere,Insincere,1,0,0,0
3205,suddenly started wanting reach toilet eat feces,Insincere,Insincere,1,0,0,0
1266,start preparing ia,Sincere,Sincere,0,1,0,0
760,people upvote quora,Sincere,Insincere,0,0,1,0
3243,ive touching year old penis,Insincere,Insincere,1,0,0,0
1617,best thing physical therapist,Sincere,Sincere,0,1,0,0
3374,asian people deferential towards white people many admire whiteness,Insincere,Insincere,1,0,0,0
2086,indian hate nepalese much nepalese hate indian,Insincere,Insincere,1,0,0,0
3978,donald trump biggest embarrassment united state,Insincere,Insincere,1,0,0,0
2787,muslim fanatical among religion,Insincere,Insincere,1,0,0,0
2690,trump impregnate maid,Insincere,Insincere,1,0,0,0
3202,right describe donald trump open sore leaking poison body politic united state,Insincere,Insincere,1,0,0,0
2367,california almost completely controlled democratic party continue tolerate enormous inequality poverty adjusted cost living tax transfer,Insincere,Sincere,0,0,0,1
3667,citizen north korea radicalized similar terrorist,Insincere,Insincere,1,0,0,0
1447,step indian take get rid inferiority complex,Sincere,Insincere,0,0,1,0
3634,belief god nothing tradition passed parent child help people see common sense,Insincere,Insincere,1,0,0,0
1053,maternal believe child suffering inability affectionate motherly change,Sincere,Insincere,0,0,1,0
32,bluetooth device still supported uefi bios,Sincere,Insincere,0,0,1,0
2579,best way wank year old boy,Insincere,Sincere,0,0,0,1
3123,pahul imaginary friend kinky,Insincere,Sincere,0,0,0,1
1146,yogabar product natural,Sincere,Sincere,0,1,0,0
3460,wife sex ex boyfriend,Insincere,Insincere,1,0,0,0
2916,true female circumcised mean promiscuous,Insincere,Insincere,1,0,0,0
114,president donald j trump christian,Sincere,Insincere,0,0,1,0
2338,people say trump divided america obama race baiting refusal call blm terrorist group,Insincere,Insincere,1,0,0,0
880,function upsc,Sincere,Sincere,0,1,0,0
435,single sentence sum america,Sincere,Insincere,0,0,1,0
1298,recommend using hotel com book hotel room,Sincere,Sincere,0,1,0,0
998,cannabis plant initaiated human evolution considering recreational nature plant,Sincere,Insincere,0,0,1,0
1895,word secularism constitution necessary establish secular state india,Sincere,Insincere,0,0,1,0
3254,reservation india continues sc st caste jew indian holocaust,Insincere,Insincere,1,0,0,0
721,disposable email service profitable,Sincere,Sincere,0,1,0,0
150,good documentary cooking recommend,Sincere,Sincere,0,1,0,0
2562,indian doctor try maintain fake supremacy patient instead friendly helpful,Insincere,Insincere,1,0,0,0
2823,wealthy people expect poor people protect danger putting life risk peanut,Insincere,Insincere,1,0,0,0
3341,whole neighborhood claim japan nuked government reported,Insincere,Insincere,1,0,0,0
2352,trump aka trooper bone spur expect people believe go unarmed stop recent shooting school shooting,Insincere,Insincere,1,0,0,0
247,offensive use transgender black gay noun theist psychopath lesbian,Sincere,Insincere,0,0,1,0
1340,trickle economics crashed economy,Sincere,Sincere,0,1,0,0
2239,top reason karnataka secede indian union,Insincere,Insincere,1,0,0,0
2489,democratic u keep shooting bombing people u country daily democratic germany produced hitler killed billion people democratic india raape people street day night democratic country bad world,Insincere,Insincere,1,0,0,0
2310,xi jinping took year kind dirty method kill enemy make dictator china,Insincere,Insincere,1,0,0,0
2701,someone black granted certain civil right opportunity see black homosexual required prove personally gay test gain right granted,Insincere,Insincere,1,0,0,0
2889,people tell difference nazi white person jeep wrangler listening imperial march full volume,Insincere,Insincere,1,0,0,0
3622,girl cry fucking,Insincere,Insincere,1,0,0,0
816,personal experience setting firm company bangalore,Sincere,Sincere,0,1,0,0
763,make huge stuffed owl animal,Sincere,Insincere,0,0,1,0
1774,srk huge fan base jakarta,Sincere,Insincere,0,0,1,0
2358,muslim engage reformer like imam tawhidi liberalize islam,Insincere,Insincere,1,0,0,0
3385,nazi perfectly evil lead believe,Insincere,Insincere,1,0,0,0
3235,punched girlfriend knocked cold lying floor completely unconscious,Insincere,Insincere,1,0,0,0
3541,many american hold deeply racist view yet say despise alt right,Insincere,Insincere,1,0,0,0
192,place find update different provider meltdown spectre,Sincere,Sincere,0,1,0,0
1615,moral justification raising minimum wage,Sincere,Insincere,0,0,1,0
1882,best iitian,Sincere,Sincere,0,1,0,0
2561,hong kongers want independence china provides hydropower fresh food without china hong kong last long find ungrateful hong kongers,Insincere,Insincere,1,0,0,0
3145,chinese malaysia singapore see malay lazy stupid untrustworthy,Insincere,Insincere,1,0,0,0
399,long boston consulting group consultant work per week,Sincere,Sincere,0,1,0,0
1344,gautama buddha leave family,Sincere,Insincere,0,0,1,0
1025,among amity chitkara university provides placement mba student,Sincere,Sincere,0,1,0,0
2202,okay say something true although bit racist sexist example black people committing crime white people given point time easy girl marry rich man,Insincere,Insincere,1,0,0,0
2991,people say free spirited woman hoe,Insincere,Insincere,1,0,0,0
260,create simple diagramming tool using javascript allows user draw diagram based predefined shape,Sincere,Sincere,0,1,0,0
3426,indian stop reproducing,Insincere,Insincere,1,0,0,0
2760,rather find happiness devoting life god exist know god find sadness,Insincere,Sincere,0,0,0,1
3483,true muslim society highest rape rate,Insincere,Insincere,1,0,0,0
497,purpose reading,Sincere,Sincere,0,1,0,0
41,use snapchat laptop,Sincere,Sincere,0,1,0,0
158,reduce anxiety meeting new people giving speech,Sincere,Sincere,0,1,0,0
2235,man truly cheat,Insincere,Insincere,1,0,0,0
791,best author business study class,Sincere,Sincere,0,1,0,0
3577,instead trump follower refer people trump cultist,Insincere,Insincere,1,0,0,0
2851,brahmin exist everyone descendant early man,Insincere,Insincere,1,0,0,0
3043,people quora exaggerate talking many people hate trump obviously true many wonderful people love trump,Insincere,Insincere,1,0,0,0
265,someone talk taking porsche train manhattan disgusting offspring pay karma natural law,Sincere,Insincere,0,0,1,0
127,tibco process get stuck without error log anything related thread size,Sincere,Sincere,0,1,0,0
2876,true u navy sniper able clear area jungle mosquito sniper rifle,Insincere,Sincere,0,0,0,1
764,design principle wireless sensor network,Sincere,Sincere,0,1,0,0
1279,continuum hypothesis state,Sincere,Insincere,0,0,1,0
1535,many total number seat iim mba,Sincere,Sincere,0,1,0,0
631,mean bilateral blindness,Sincere,Sincere,0,1,0,0
3380,indian think money earned nepalese india important source income reality completely different,Insincere,Sincere,0,0,0,1
3528,think overrated say,Insincere,Insincere,1,0,0,0
3472,hollywood scumbags raping woman day,Insincere,Insincere,1,0,0,0
3645,western people racist towards indian whenever innovation positive news related india comment british aid toilet poop joke disrespectful word,Insincere,Insincere,1,0,0,0
3663,like white trash europe,Insincere,Insincere,1,0,0,0
2795,cucumber toothbrush donald trump,Insincere,Insincere,1,0,0,0
3133,virgin jannah billion muslim world,Insincere,Insincere,1,0,0,0
1395,possible na gain electron cl lose electron,Sincere,Sincere,0,1,0,0
72,first thing modi bjp govt majority rajya sabha,Sincere,Insincere,0,0,1,0
2416,army rohan gondor castrate prisoner captured,Insincere,Insincere,1,0,0,0
51,kylo ren sacrifice rey,Sincere,Insincere,0,0,1,0
2951,india become muslim free,Insincere,Insincere,1,0,0,0
2979,woman often call animal bed mean racist,Insincere,Insincere,1,0,0,0
3184,divorces remarry people abusive child,Insincere,Insincere,1,0,0,0
3288,woman programed sex,Insincere,Insincere,1,0,0,0
3373,left troll quora biased anti gun question based alternative fact,Insincere,Insincere,1,0,0,0
1945,thing wanted glad never,Sincere,Insincere,0,0,1,0
1930,best advice adult kid brainwashed continue living narc father want nothing mum,Sincere,Insincere,0,0,1,0
3295,writer like kidding rowling el james stephanie meyer prove woman place literature,Insincere,Insincere,1,0,0,0
3929,good looking girl iits big boob,Insincere,Insincere,1,0,0,0
2593,since descended african good white musician,Insincere,Insincere,1,0,0,0
3948,democrat really baby killer propaganda treasonous pedophile porn star backing republican want vote give even tax cut wealthy donor,Insincere,Insincere,1,0,0,0
2841,israeli serve japanese prime minister dessert shoe,Insincere,Sincere,0,0,0,1
478,much earnings make lyft driver jacksonville,Sincere,Sincere,0,1,0,0
2373,white history month,Insincere,Sincere,0,0,0,1
211,filling online petition anything suckered email list,Sincere,Sincere,0,1,0,0
3809,indian men send really weird message u white woman,Insincere,Insincere,1,0,0,0
104,reason usually upvote answer quora,Sincere,Insincere,0,0,1,0
1523,orange red chosen main hue quora color scheme,Sincere,Sincere,0,1,0,0
1589,many moderator predict work quora,Sincere,Insincere,0,0,1,0
828,corporate institution consider data dicionaries enterprise data unimportant unnecessary,Sincere,Sincere,0,1,0,0
1280,advantage female president,Sincere,Insincere,0,0,1,0
584,manager new company within fledgling industry implement situational leadership approach,Sincere,Sincere,0,1,0,0
1010,choose right grout using shower tile joint,Sincere,Insincere,0,0,1,0
1271,mean live liquor find expression dictionary,Sincere,Sincere,0,1,0,0
818,safe invest mining company,Sincere,Sincere,0,1,0,0
1865,level man contented,Sincere,Insincere,0,0,1,0
2560,gay people chinese labeled low end,Insincere,Insincere,1,0,0,0
92,reason male suicide,Sincere,Insincere,0,0,1,0
3503,people work uttarakhand,Insincere,Insincere,1,0,0,0
1277,protocol giving wedding gift,Sincere,Sincere,0,1,0,0
2774,immigrant muslim country get eu visa able live europe easily people country hard get eu residence visa,Insincere,Insincere,1,0,0,0
3417,scoring billion mark neet qualify,Insincere,Sincere,0,0,0,1
832,possible narcissist love someone,Sincere,Sincere,0,1,0,0
1223,equity fund investment,Sincere,Sincere,0,1,0,0
348,get chance resubmit otp ekyc,Sincere,Sincere,0,1,0,0
650,healthy balanced diet chart ramadan,Sincere,Sincere,0,1,0,0
2785,unsc endorsed cpec excellent pakistan china whole world india desperately badmouthing,Insincere,Insincere,1,0,0,0
1334,make girl continue conversation,Sincere,Insincere,0,0,1,0
915,ia handicapped criterion handicapped leg bl category ph rank get selected also eligible ia irs,Sincere,Sincere,0,1,0,0
2808,caste based reservation selection shankaracharya priest hinduism,Insincere,Insincere,1,0,0,0
991,better car company bugatti lamo,Sincere,Sincere,0,1,0,0
3811,arnab goswami normal,Insincere,Sincere,0,0,0,1
81,true earth support human life encourage,Sincere,Insincere,0,0,1,0
717,best health advice gave,Sincere,Sincere,0,1,0,0
757,mine pattern individual spending,Sincere,Sincere,0,1,0,0
425,india scared maldives economic development china,Sincere,Insincere,0,0,1,0
291,run excel window mac without installing window mac using wine similar,Sincere,Sincere,0,1,0,0
75,find roy adam attractive,Sincere,Insincere,0,0,1,0
3290,black poor,Insincere,Insincere,1,0,0,0
1213,g make streaming k program competitive offer tv provider,Sincere,Sincere,0,1,0,0
1405,cool thing kindle fire,Sincere,Sincere,0,1,0,0
2717,mexican claiming white majority america,Insincere,Insincere,1,0,0,0
1521,law enforcement deal criminal suicide cop intent,Sincere,Insincere,0,0,1,0
2491,american education dominated progressive statistical logical reason regarding muslim oppression woman black black crime ignored,Insincere,Insincere,1,0,0,0
2708,quality california culture based quality people california culture move populate area country ruining culture area,Insincere,Insincere,1,0,0,0
2509,palestinian muslim really craziest muslim comprehend,Insincere,Insincere,1,0,0,0
2357,conservative generally lower iq progressive,Insincere,Insincere,1,0,0,0
3112,people india value design creative professional like professional,Insincere,Sincere,0,0,0,1
3428,suspicious information steele dossier event unfolding appear russia collaborating clinton obama cabal soft coup attempt trump,Insincere,Insincere,1,0,0,0
1303,briefly summarize result executing action plan happened success surprise obstacle lesson learned,Sincere,Sincere,0,1,0,0
319,eastern dharma different abrahamic religion,Sincere,Insincere,0,0,1,0
928,airlock air tight lid necessary fermenting sauerkraut,Sincere,Sincere,0,1,0,0
776,woke realized zombie,Sincere,Sincere,0,1,0,0
414,interpret slope line,Sincere,Sincere,0,1,0,0
701,could tell experience english studying,Sincere,Sincere,0,1,0,0
2967,u europe africa also apartheid dark time black reservation country india,Insincere,Insincere,1,0,0,0
1797,best painting leonardo da vinci,Sincere,Sincere,0,1,0,0
3397,jew kicked every country tried settle,Insincere,Insincere,1,0,0,0
1426,idol worship frequent age science technology,Sincere,Sincere,0,1,0,0
805,wear work feminine much stand crowd look like cross dresser man,Sincere,Insincere,0,0,1,0
743,first person gender exchange,Sincere,Sincere,0,1,0,0
3558,china cheat country big investment local place truth send million chinese worker solve economic problem,Insincere,Insincere,1,0,0,0
331,made yahoo email hard get email new account,Sincere,Sincere,0,1,0,0
2503,mom like lately hugging way calling sweetie talking whenever seems really flirtatious started act like blue creeping,Insincere,Insincere,1,0,0,0
3994,jew bad people,Insincere,Insincere,1,0,0,0
3860,military member quora share many anecdote question really prompt realize care,Insincere,Insincere,1,0,0,0
3681,many people specially left claiming today thing objective truth,Insincere,Insincere,1,0,0,0
47,way gender equality improve west feminism disbanded ideology,Sincere,Insincere,0,0,1,0
1046,lemon electricity work specific acid responsible chemical reaction,Sincere,Sincere,0,1,0,0
292,age income start consider investing,Sincere,Sincere,0,1,0,0
3773,dangerous take photo copier machine make copy photo machine cornered last week work debating gone home living snack vending machine,Insincere,Sincere,0,0,0,1
2181,japanese men never trim shave pubes realized visited onsen japan trim mine pretty awkward,Insincere,Insincere,1,0,0,0
3238,loyal india face discrimination sc st category,Insincere,Sincere,0,0,0,1
488,expect hear british transport police verbally offensive,Sincere,Insincere,0,0,1,0
160,win several little vampire v several wereanimals,Sincere,Sincere,0,1,0,0
2112,done tragic mispronunciation word jewelry jew la ry becomes accepted pronunciation,Insincere,Insincere,1,0,0,0
1290,way overcome hardship life,Sincere,Sincere,0,1,0,0
2215,psychopath enjoy raping insect,Insincere,Insincere,1,0,0,0
2071,event like prom many indian girl asia give virginity,Insincere,Insincere,1,0,0,0
2430,african american woman le likely attract desirable american white men,Insincere,Insincere,1,0,0,0
3557,american insist country best world neither happiest developed nation,Insincere,Insincere,1,0,0,0
3015,north indian speak kannada,Insincere,Insincere,1,0,0,0
304,install ota update rom,Sincere,Sincere,0,1,0,0
3683,turk lie greek armenian assyrian genocide,Insincere,Insincere,1,0,0,0
853,ask people even know might able help issue,Sincere,Insincere,0,0,1,0
1529,effective term value money availability frictionlessness point sale po payment solution merchant nigeria,Sincere,Sincere,0,1,0,0
1832,cantilever beam show pure bending,Sincere,Sincere,0,1,0,0
10,commercial radio hong kong accomplished radio broadcasting industry,Sincere,Sincere,0,1,0,0
3350,indian follow rule asked always challenge every rule,Insincere,Insincere,1,0,0,0
1035,besides earwax wax human body say,Sincere,Sincere,0,1,0,0
3183,site liberal site,Insincere,Insincere,1,0,0,0
687,creepy fact,Sincere,Insincere,0,0,1,0
1234,change default numbering cell google sheet,Sincere,Sincere,0,1,0,0
1653,purity politics,Sincere,Sincere,0,1,0,0
250,secret way always get right scale graph,Sincere,Insincere,0,0,1,0
258,plan b pill cause miss period,Sincere,Sincere,0,1,0,0
3333,sexism wrong mean actual biological difference men woman lead u expecting different thing men woman science right,Insincere,Insincere,1,0,0,0
971,cost chemotherapy breast cancer aiims,Sincere,Sincere,0,1,0,0
2810,think woman life difficult man,Insincere,Insincere,1,0,0,0
1520,soviet economy much heavy industry made difficult use chinese approach economic reform let alone shock therapy,Sincere,Sincere,0,1,0,0
2327,stop child trafficking profit england knowing child trafficking england carried english s police family court cafcass forster agency way stopping,Insincere,Insincere,1,0,0,0
2848,u immigration officer international reputation humourlessness rudeness justified rude,Insincere,Insincere,1,0,0,0
1826,indian army people specialised english speaking course,Sincere,Insincere,0,0,1,0
3155,girl upload send filtered pic mostly cheating,Insincere,Insincere,1,0,0,0
178,take cpt registration number direct icai chennai,Sincere,Sincere,0,1,0,0
2828,many american believe owning gun important people life,Insincere,Insincere,1,0,0,0
704,find coterminal angle,Sincere,Sincere,0,1,0,0
392,selective cutting,Sincere,Sincere,0,1,0,0
3222,australian police racist,Insincere,Insincere,1,0,0,0
3270,protester donald inauguration violent,Insincere,Insincere,1,0,0,0
263,happens actual bad debt allowance created accounting perspective,Sincere,Sincere,0,1,0,0
80,right contract word formal writing business book instance,Sincere,Sincere,0,1,0,0
163,look,Sincere,Insincere,0,0,1,0
768,difference bipolar manic narcissist bipolar actually seems narcissistic,Sincere,Insincere,0,0,1,0
1998,window application like encarta kid,Sincere,Sincere,0,1,0,0
